{
  "run_params": {
    "data_dir": "preprocessed_data_for_classifier/",
    "n_splits": 5,
    "threshold": 0.5,
    "rf_estimators": 1000,
    "xgb_estimators": 1000,
    "svm_c": 1.0,
    "model": "all"
  },
  "results": {
    "rf": {
      "scores": [
        0.4965560425798372,
        0.5279097387173397,
        0.5116136919315404,
        0.5339449541284403,
        0.5300375469336671
      ],
      "precisions": [
        0.4965357577326854,
        0.5278941090523471,
        0.5125129959578182,
        0.5350711350794611,
        0.5301713146658638
      ],
      "recalls": [
        0.4965560425798372,
        0.5279097387173397,
        0.5116136919315404,
        0.5339449541284403,
        0.5300375469336671
      ],
      "f1s": [
        0.49652643036612515,
        0.5279002486124751,
        0.51130322203262,
        0.5336882721011829,
        0.529055376333918
      ],
      "mean_accuracy": 0.520012394858165,
      "std_accuracy": 0.013983751964629738,
      "mean_precision": 0.5204370624976351,
      "std_precision": 0.014132108752188496,
      "mean_recall": 0.520012394858165,
      "std_recall": 0.013983751964629738,
      "mean_f1": 0.5196947098892643,
      "std_f1": 0.013841668757166017,
      "feature_importances": [
        0.17745212681944705,
        0.20598537804445288,
        0.20991904759055938,
        0.20381264727326354,
        0.20283080027227704
      ],
      "params": {
        "n_estimators": 1000,
        "random_state": 42
      }
    },
    "lr": {
      "scores": [
        0.47088290544771444,
        0.5005938242280285,
        0.4908312958435208,
        0.4960244648318043,
        0.5106382978723404
      ],
      "precisions": [
        0.4691312239655884,
        0.5003858695351054,
        0.496180213185743,
        0.5017769106530574,
        0.5108698003919997
      ],
      "recalls": [
        0.47088290544771444,
        0.5005938242280285,
        0.4908312958435208,
        0.4960244648318043,
        0.5106382978723404
      ],
      "f1s": [
        0.4615328264706133,
        0.5002481414664333,
        0.4408526677444794,
        0.473793591713032,
        0.5094705113699014
      ],
      "mean_accuracy": 0.4937941576446817,
      "std_accuracy": 0.013180582863352122,
      "mean_precision": 0.4956688035462988,
      "std_precision": 0.014107690518970532,
      "mean_recall": 0.4937941576446817,
      "std_recall": 0.013180582863352122,
      "mean_f1": 0.47717954775289184,
      "std_f1": 0.025102960556756034,
      "feature_importances": [
        0.025436162594661544,
        0.055412294251869776,
        0.032966447235296494,
        0.02305816828921763,
        0.10821404300018556
      ],
      "params": {
        "solver": "liblinear",
        "random_state": 42
      }
    },
    "svm": {
      "scores": [
        0.4652473387601753,
        0.49524940617577196,
        0.4889975550122249,
        0.5100917431192661,
        0.5062578222778473
      ],
      "precisions": [
        0.4644251235845417,
        0.24527197431745476,
        0.23911860880793395,
        0.5023189671293452,
        0.5251866951629737
      ],
      "recalls": [
        0.4652473387601753,
        0.49524940617577196,
        0.4889975550122249,
        0.5100917431192661,
        0.5062578222778473
      ],
      "f1s": [
        0.46285935794301886,
        0.32806831195440334,
        0.32118066010655166,
        0.43444092362211706,
        0.38336131669405404
      ],
      "mean_accuracy": 0.49316877306905715,
      "std_accuracy": 0.015868488980227472,
      "mean_precision": 0.3952642738004498,
      "std_precision": 0.12649341854772858,
      "mean_recall": 0.49316877306905715,
      "std_recall": 0.015868488980227472,
      "mean_f1": 0.385982114064029,
      "std_f1": 0.05624672850729567,
      "feature_importances": [
        0.06838841822424327,
        0.353736052935528,
        0.1410677646524347,
        0.07262117551422431,
        0.24178206577330044
      ],
      "params": {
        "C": 1.0,
        "kernel": "linear",
        "probability": true,
        "random_state": 42
      }
    },
    "xgb": {
      "scores": [
        0.48966812773951157,
        0.5041567695961995,
        0.5152811735941321,
        0.5241590214067279,
        0.5025031289111389
      ],
      "precisions": [
        0.4896393656353063,
        0.5041178786374794,
        0.5159148806474715,
        0.5246295059822258,
        0.5024481636251873
      ],
      "recalls": [
        0.48966812773951157,
        0.5041567695961995,
        0.5152811735941321,
        0.5241590214067279,
        0.5025031289111389
      ],
      "f1s": [
        0.48962129884631433,
        0.5041286138455242,
        0.5152078250571173,
        0.5242177649209854,
        0.5021761765772291
      ],
      "mean_accuracy": 0.507153644249542,
      "std_accuracy": 0.011760879420591197,
      "mean_precision": 0.507349958905534,
      "std_precision": 0.01200066402691229,
      "mean_recall": 0.507153644249542,
      "std_recall": 0.011760879420591197,
      "mean_f1": 0.5070703358494341,
      "std_f1": 0.01180955943323274,
      "feature_importances": [
        0.21690647304058075,
        0.20163722336292267,
        0.2008548080921173,
        0.1904810070991516,
        0.19012047350406647
      ],
      "params": {
        "n_estimators": 1000,
        "use_label_encoder": false,
        "eval_metric": "logloss",
        "random_state": 42
      }
    }
  }
}